	Timestamp	Price	MarketCap	TotalVolumes	TimestampMod	date	year	month	day	hour	minute	second
0	1680307200000	21.205401851519337	8194996259.08917	415947399.7233951	1680307200.0	2023-04-01 00:00:00	2023	4	1	0	0	0
1	1680393600000	21.083500216310668	8133720019.793032	251948585.428472	1680393600.0	2023-04-02 00:00:00	2023	4	2	0	0	0
2	1680480000000	20.565439368841062	7929638196.330592	250939723.33480495	1680480000.0	2023-04-03 00:00:00	2023	4	3	0	0	0
3	1680566400000	20.436690295056867	7900168640.993755	529752910.7331683	1680566400.0	2023-04-04 00:00:00	2023	4	4	0	0	0
4	1680652800000	20.92110064061127	8093519489.19683	348472966.7851743	1680652800.0	2023-04-05 00:00:00	2023	4	5	0	0	0
5	1680739200000	20.982374355205106	8139780743.430709	361878192.5535392	1680739200.0	2023-04-06 00:00:00	2023	4	6	0	0	0
6	1680825600000	20.609002527101183	7980951367.926036	271953094.7888084	1680825600.0	2023-04-07 00:00:00	2023	4	7	0	0	0
7	1680912000000	20.483785300410602	7945861961.167704	208769926.08216602	1680912000.0	2023-04-08 00:00:00	2023	4	8	0	0	0
8	1680998400000	20.042581304598304	7779827678.559762	229345793.28866065	1680998400.0	2023-04-09 00:00:00	2023	4	9	0	0	0
9	1681084800000	20.30433669084828	7886462397.659908	195652671.40967616	1681084800.0	2023-04-10 00:00:00	2023	4	10	0	0	0
10	1681171200000	20.875123146348265	8111384994.393847	243051082.7697442	1681171200.0	2023-04-11 00:00:00	2023	4	11	0	0	0
11	1681257600000	23.005654690114106	9019417673.037657	1081779112.3649075	1681257600.0	2023-04-12 00:00:00	2023	4	12	0	0	0
12	1681344000000	23.830532666421693	9350156509.874369	1370531367.9251795	1681344000.0	2023-04-13 00:00:00	2023	4	13	0	0	0
13	1681430400000	24.42771024521707	9566762973.066217	666066820.0916648	1681430400.0	2023-04-14 00:00:00	2023	4	14	0	0	0
14	1681516800000	24.77371399717611	9705804479.0832	825834920.5602269	1681516800.0	2023-04-15 00:00:00	2023	4	15	0	0	0
15	1681603200000	24.076086968961334	9451805831.229778	387945854.00479144	1681603200.0	2023-04-16 00:00:00	2023	4	16	0	0	0
16	1681689600000	25.295764682293626	9920073717.128748	514890126.18420947	1681689600.0	2023-04-17 00:00:00	2023	4	17	0	0	0
17	1681776000000	24.582472271741043	9623598168.573133	910595768.7039962	1681776000.0	2023-04-18 00:00:00	2023	4	18	0	0	0
18	1681862400000	24.828831956308186	9739599132.263357	558944406.0314553	1681862400.0	2023-04-19 00:00:00	2023	4	19	0	0	0
19	1681948800000	22.66921834829298	8903451124.568312	974039298.9106188	1681948800.0	2023-04-20 00:00:00	2023	4	20	0	0	0
20	1682035200000	22.17878507364592	8697671636.546442	712597030.0493151	1682035200.0	2023-04-21 00:00:00	2023	4	21	0	0	0
21	1682121600000	21.256329975789992	8333890309.334352	527655622.1631929	1682121600.0	2023-04-22 00:00:00	2023	4	22	0	0	0
22	1682208000000	21.85149833032492	8584446324.231401	249197740.8361164	1682208000.0	2023-04-23 00:00:00	2023	4	23	0	0	0
23	1682294400000	21.49927294670662	8420199212.273126	348355516.8754679	1682294400.0	2023-04-24 00:00:00	2023	4	24	0	0	0
24	1682380800000	21.388123623341926	8399117356.571699	401676853.0626663	1682380800.0	2023-04-25 00:00:00	2023	4	25	0	0	0
25	1682467200000	21.93961247225034	8617142936.350363	409777211.6820076	1682467200.0	2023-04-26 00:00:00	2023	4	26	0	0	0
26	1682553600000	21.25624752923348	8354008434.670635	778775424.108569	1682553600.0	2023-04-27 00:00:00	2023	4	27	0	0	0
27	1682640000000	22.337864023679735	8756193576.97448	588617917.5009629	1682640000.0	2023-04-28 00:00:00	2023	4	28	0	0	0
28	1682726400000	23.374818189016118	9208471390.321592	571324657.1728787	1682726400.0	2023-04-29 00:00:00	2023	4	29	0	0	0
29	1682812800000	23.12840167422879	9092156212.487627	419332790.79053307	1682812800.0	2023-04-30 00:00:00	2023	4	30	0	0	0
30	1682899200000	22.998321615708303	9057154980.365274	425241774.7039137	1682899200.0	2023-05-01 00:00:00	2023	5	1	0	0	0
31	1682985600000	22.00748575266789	8651811979.929995	505839771.41452694	1682985600.0	2023-05-02 00:00:00	2023	5	2	0	0	0
32	1683072000000	22.262824662378538	8773546966.16016	326717891.1492143	1683072000.0	2023-05-03 00:00:00	2023	5	3	0	0	0
33	1683158400000	22.21964186016809	8762010269.84146	493483012.2385331	1683158400.0	2023-05-04 00:00:00	2023	5	4	0	0	0
34	1683244800000	21.741800973800856	8571042186.731829	330851121.9196332	1683244800.0	2023-05-05 00:00:00	2023	5	5	0	0	0
35	1683331200000	22.81860623219127	8999007584.2166	495492869.2605281	1683331200.0	2023-05-06 00:00:00	2023	5	6	0	0	0
36	1683417600000	21.986706406341238	8661587000.942377	387964991.34185696	1683417600.0	2023-05-07 00:00:00	2023	5	7	0	0	0
37	1683504000000	22.002452285817817	8705466133.769728	341580978.5898679	1683504000.0	2023-05-08 00:00:00	2023	5	8	0	0	0
38	1683590400000	20.65668464098513	8146997991.830378	647060628.2950592	1683590400.0	2023-05-09 00:00:00	2023	5	9	0	0	0
39	1683676800000	20.656981167558687	8164794903.556	318980320.96681505	1683676800.0	2023-05-10 00:00:00	2023	5	10	0	0	0
40	1683763200000	20.975704627626367	8287539919.545623	525984506.46583825	1683763200.0	2023-05-11 00:00:00	2023	5	11	0	0	0
41	1683849600000	20.25440267119237	8015037356.982577	428549097.3925601	1683849600.0	2023-05-12 00:00:00	2023	5	12	0	0	0
42	1683936000000	20.920162303818756	8274505085.732654	397702422.40830547	1683936000.0	2023-05-13 00:00:00	2023	5	13	0	0	0
43	1684022400000	20.899582667518416	8297710532.113992	252119905.38455606	1684022400.0	2023-05-14 00:00:00	2023	5	14	0	0	0
44	1684108800000	20.936961536705592	8280978190.929416	211874592.44175723	1684108800.0	2023-05-15 00:00:00	2023	5	15	0	0	0
45	1684195200000	21.037748291765592	8316882669.84985	339745928.0609949	1684195200.0	2023-05-16 00:00:00	2023	5	16	0	0	0
46	1684281600000	20.686212717829434	8187913902.158279	338232379.0015512	1684281600.0	2023-05-17 00:00:00	2023	5	17	0	0	0
47	1684368000000	21.058205359893172	8341868800.046011	332798485.4910487	1684368000.0	2023-05-18 00:00:00	2023	5	18	0	0	0
48	1684454400000	20.34519578780548	8061536789.167275	325479692.16594124	1684454400.0	2023-05-19 00:00:00	2023	5	19	0	0	0
49	1684540800000	20.351526847180452	8059779103.665763	159063269.00987265	1684540800.0	2023-05-20 00:00:00	2023	5	20	0	0	0
50	1684627200000	20.269684813481774	8022997471.517465	129666227.92747962	1684627200.0	2023-05-21 00:00:00	2023	5	21	0	0	0
51	1684713600000	19.630800782887565	7783712425.51017	236865558.0071539	1684713600.0	2023-05-22 00:00:00	2023	5	22	0	0	0
52	1684800000000	19.558762789709252	7749799385.59985	245317080.64974216	1684800000.0	2023-05-23 00:00:00	2023	5	23	0	0	0
53	1684886400000	20.04690938871374	7940043369.313906	293341170.1322027	1684886400.0	2023-05-24 00:00:00	2023	5	24	0	0	0
54	1684972800000	19.214323127332815	7619548993.269599	317110913.7217349	1684972800.0	2023-05-25 00:00:00	2023	5	25	0	0	0
55	1685059200000	19.25614469626469	7626215765.408768	231050352.92165512	1685059200.0	2023-05-26 00:00:00	2023	5	26	0	0	0
56	1685145600000	19.36699951306376	7676617783.5293455	181186113.21084023	1685145600.0	2023-05-27 00:00:00	2023	5	27	0	0	0
57	1685232000000	20.405231600621736	8089935112.023952	209249088.6518294	1685232000.0	2023-05-28 00:00:00	2023	5	28	0	0	0
58	1685318400000	20.815122816700484	8259241871.664162	319936574.8104172	1685318400.0	2023-05-29 00:00:00	2023	5	29	0	0	0
59	1685404800000	20.57365784393182	8162528825.077333	263476675.879753	1685404800.0	2023-05-30 00:00:00	2023	5	30	0	0	0
60	1685491200000	21.24838739611184	8420948536.256156	390015607.56853145	1685491200.0	2023-05-31 00:00:00	2023	5	31	0	0	0
61	1685577600000	20.82042686685682	8253719265.038129	264038937.441645	1685577600.0	2023-06-01 00:00:00	2023	6	1	0	0	0
62	1685664000000	20.512888560566594	8135209555.988281	229620968.9783873	1685664000.0	2023-06-02 00:00:00	2023	6	2	0	0	0
63	1685750400000	21.257126169627412	8440560224.313393	262878676.0490332	1685750400.0	2023-06-03 00:00:00	2023	6	3	0	0	0
64	1685836800000	21.148206267732874	8395562285.774495	159566542.16562247	1685836800.0	2023-06-04 00:00:00	2023	6	4	0	0	0
65	1685923200000	21.869750120036684	8705745044.414808	372653389.2570282	1685923200.0	2023-06-05 00:00:00	2023	6	5	0	0	0
66	1686009600000	20.082497255511015	7993273614.350522	663116037.0576035	1686009600.0	2023-06-06 00:00:00	2023	6	6	0	0	0
67	1686096000000	20.399316366367188	8102758544.84506	490820421.98380524	1686096000.0	2023-06-07 00:00:00	2023	6	7	0	0	0
68	1686182400000	18.64940911323256	7429398031.748883	412771478.26392466	1686182400.0	2023-06-08 00:00:00	2023	6	8	0	0	0
69	1686268800000	18.91886786249937	7533243369.330318	295929574.27186555	1686268800.0	2023-06-09 00:00:00	2023	6	9	0	0	0
70	1686355200000	17.319852048307002	6890419608.144915	511958399.05938685	1686355200.0	2023-06-10 00:00:00	2023	6	10	0	0	0
71	1686441600000	15.712291030595962	6262620811.883113	1409006890.3433423	1686441600.0	2023-06-11 00:00:00	2023	6	11	0	0	0
72	1686528000000	15.552165715300829	6191248338.350977	495437298.97303975	1686528000.0	2023-06-12 00:00:00	2023	6	12	0	0	0
73	1686614400000	15.219121441698295	6067764743.466437	431328719.29389066	1686614400.0	2023-06-13 00:00:00	2023	6	13	0	0	0
74	1686700800000	14.996084137168715	5975770710.188687	403335227.95252687	1686700800.0	2023-06-14 00:00:00	2023	6	14	0	0	0
75	1686787200000	14.511891316589251	5789069977.260347	327310831.82671124	1686787200.0	2023-06-15 00:00:00	2023	6	15	0	0	0
76	1686873600000	14.741774826096673	5880524857.505803	371929576.69780713	1686873600.0	2023-06-16 00:00:00	2023	6	16	0	0	0
77	1686960000000	15.305652843805758	6109552126.06054	256057658.1759769	1686960000.0	2023-06-17 00:00:00	2023	6	17	0	0	0
78	1687046400000	15.626354272653252	6246219926.833057	218008809.31199142	1687046400.0	2023-06-18 00:00:00	2023	6	18	0	0	0
79	1687132800000	15.434485233897272	6170109454.954071	155673889.3726953	1687132800.0	2023-06-19 00:00:00	2023	6	19	0	0	0
80	1687219200000	16.038762253116875	6382655003.177078	150009939.35791972	1687219200.0	2023-06-20 00:00:00	2023	6	20	0	0	0
81	1687305600000	16.625143403026637	6629964493.675703	248748774.3427503	1687305600.0	2023-06-21 00:00:00	2023	6	21	0	0	0
82	1687392000000	17.263202092310653	6903161332.170283	315268431.8778776	1687392000.0	2023-06-22 00:00:00	2023	6	22	0	0	0
83	1687478400000	16.645392580230443	6663990154.562925	295506781.44293725	1687478400.0	2023-06-23 00:00:00	2023	6	23	0	0	0
84	1687564800000	17.100927585909893	6825331675.927217	328345333.92381984	1687564800.0	2023-06-24 00:00:00	2023	6	24	0	0	0
85	1687651200000	16.63062758389679	6642182122.570187	235858972.60968322	1687651200.0	2023-06-25 00:00:00	2023	6	25	0	0	0
86	1687737600000	16.96011970924781	6785842637.336145	212892011.92185184	1687737600.0	2023-06-26 00:00:00	2023	6	26	0	0	0
87	1687824000000	16.284012804480415	6497000673.693492	246629750.07322228	1687824000.0	2023-06-27 00:00:00	2023	6	27	0	0	0
88	1687910400000	16.60408750457774	6626087422.922995	232332350.0357121	1687910400.0	2023-06-28 00:00:00	2023	6	28	0	0	0
89	1687996800000	15.996424735598712	6403600623.488655	301702745.20938724	1687996800.0	2023-06-29 00:00:00	2023	6	29	0	0	0
90	1688083200000	17.998439800632905	7187331652.66652	635900925.9452425	1688083200.0	2023-06-30 00:00:00	2023	6	30	0	0	0
91	1688169600000	18.93035984897103	7567998783.5705805	828667787.0041169	1688169600.0	2023-07-01 00:00:00	2023	7	1	0	0	0
92	1688256000000	18.612769704794168	7437496981.577963	280718699.5696731	1688256000.0	2023-07-02 00:00:00	2023	7	2	0	0	0
93	1688342400000	19.44673332510388	7792444090.1257925	474851803.7888158	1688342400.0	2023-07-03 00:00:00	2023	7	3	0	0	0
94	1688428800000	19.20521438307814	7700930946.150432	280766166.6517864	1688428800.0	2023-07-04 00:00:00	2023	7	4	0	0	0
95	1688515200000	19.218958872995298	7724902370.005767	303069428.56264853	1688515200.0	2023-07-05 00:00:00	2023	7	5	0	0	0
96	1688601600000	18.972151107472232	7619692719.675487	234904855.4249562	1688601600.0	2023-07-06 00:00:00	2023	7	6	0	0	0
97	1688688000000	19.919047781939852	8013479115.45537	849101386.5457045	1688688000.0	2023-07-07 00:00:00	2023	7	7	0	0	0
98	1688774400000	21.43877643006556	8609626131.887451	827536919.6324662	1688774400.0	2023-07-08 00:00:00	2023	7	8	0	0	0
99	1688860800000	21.896701111607186	8804631486.280863	596483861.204096	1688860800.0	2023-07-09 00:00:00	2023	7	9	0	0	0
100	1688947200000	21.351397376477994	8595004420.8743	364524219.78723484	1688947200.0	2023-07-10 00:00:00	2023	7	10	0	0	0
101	1689033600000	21.302647128052204	8559664093.103448	508301719.13718027	1689033600.0	2023-07-11 00:00:00	2023	7	11	0	0	0
102	1689120000000	22.068233989934726	8875741131.46763	431275744.9396116	1689120000.0	2023-07-12 00:00:00	2023	7	12	0	0	0
103	1689206400000	21.997627799970363	8862665910.429438	553660968.112081	1689206400.0	2023-07-13 00:00:00	2023	7	13	0	0	0
104	1689292800000	25.990368470421153	10410892785.973965	1191586017.5250535	1689292800.0	2023-07-14 00:00:00	2023	7	14	0	0	0
105	1689379200000	26.708371434451514	10743046575.077665	2112669368.826929	1689379200.0	2023-07-15 00:00:00	2023	7	15	0	0	0
106	1689465600000	27.351375942539022	11015911503.065817	1182553641.312105	1689465600.0	2023-07-16 00:00:00	2023	7	16	0	0	0
107	1689552000000	27.365079998210923	11002094754.605814	747993415.8682022	1689552000.0	2023-07-17 00:00:00	2023	7	17	0	0	0
108	1689638400000	26.861798043195297	10816613437.044512	1008258072.1988822	1689638400.0	2023-07-18 00:00:00	2023	7	18	0	0	0
109	1689724800000	25.526176388954614	10269805534.152487	690701365.242011	1689724800.0	2023-07-19 00:00:00	2023	7	19	0	0	0
110	1689811200000	26.353311684653363	10633423774.84343	591575595.4536291	1689811200.0	2023-07-20 00:00:00	2023	7	20	0	0	0
111	1689897600000	25.3350693194684	10227156125.30492	586428471.61985	1689897600.0	2023-07-21 00:00:00	2023	7	21	0	0	0
112	1689984000000	25.58950999514426	10346698670.509161	426785949.9273866	1689984000.0	2023-07-22 00:00:00	2023	7	22	0	0	0
113	1690070400000	24.45678468463933	9872947825.241152	325886121.21608216	1690070400.0	2023-07-23 00:00:00	2023	7	23	0	0	0
114	1690156800000	24.773703505475776	10018814299.162062	345569811.4364157	1690156800.0	2023-07-24 00:00:00	2023	7	24	0	0	0
115	1690243200000	23.422633571179617	9455689036.354588	517091585.3710577	1690243200.0	2023-07-25 00:00:00	2023	7	25	0	0	0
116	1690329600000	23.267716629540782	9395875459.492481	362056307.62913954	1690329600.0	2023-07-26 00:00:00	2023	7	26	0	0	0
117	1690416000000	25.1519878372353	10171319431.282724	682755887.4427278	1690416000.0	2023-07-27 00:00:00	2023	7	27	0	0	0
118	1690502400000	25.093488053679394	10151894149.311943	493788462.55482113	1690502400.0	2023-07-28 00:00:00	2023	7	28	0	0	0
119	1690588800000	24.825803970620775	10051629238.612888	354454914.9621894	1690588800.0	2023-07-29 00:00:00	2023	7	29	0	0	0
120	1690675200000	25.16504796989767	10178962394.375273	266002736.55053675	1690675200.0	2023-07-30 00:00:00	2023	7	30	0	0	0
121	1690761600000	24.266784359176683	9816173591.432625	354202895.00340414	1690761600.0	2023-07-31 00:00:00	2023	7	31	0	0	0
122	1690848000000	23.75665877952372	9604285334.638874	401006374.0008301	1690848000.0	2023-08-01 00:00:00	2023	8	1	0	0	0
123	1690934400000	23.92554655853081	9663629338.746136	433930052.9370583	1690934400.0	2023-08-02 00:00:00	2023	8	2	0	0	0
124	1691020800000	23.134812664080517	9376125922.103199	426945357.6898426	1691020800.0	2023-08-03 00:00:00	2023	8	3	0	0	0
125	1691107200000	22.654451935469393	9178003135.366844	375514604.6347747	1691107200.0	2023-08-04 00:00:00	2023	8	4	0	0	0
126	1691193600000	22.809920321126338	9237548520.05844	387384158.1790491	1691193600.0	2023-08-05 00:00:00	2023	8	5	0	0	0
127	1691280000000	22.62509186558245	9155491618.929426	256370671.0600972	1691280000.0	2023-08-06 00:00:00	2023	8	6	0	0	0
128	1691366400000	23.16031151415157	9384285772.437752	338171013.5108157	1691366400.0	2023-08-07 00:00:00	2023	8	7	0	0	0
129	1691452800000	23.05200017950495	9344630841.913843	386012925.76220214	1691452800.0	2023-08-08 00:00:00	2023	8	8	0	0	0
130	1691539200000	24.203816824917432	9819635413.27439	561549883.4110975	1691539200.0	2023-08-09 00:00:00	2023	8	9	0	0	0
131	1691625600000	24.384610250755937	9894698836.091352	458039680.48740876	1691625600.0	2023-08-10 00:00:00	2023	8	10	0	0	0
132	1691712000000	24.61887321060917	9982518848.598183	352124557.44548595	1691712000.0	2023-08-11 00:00:00	2023	8	11	0	0	0
133	1691798400000	24.57980986376842	9969763672.692484	337807060.84393805	1691798400.0	2023-08-12 00:00:00	2023	8	12	0	0	0
134	1691884800000	24.891819066984105	10095650763.649355	277306903.1224978	1691884800.0	2023-08-13 00:00:00	2023	8	13	0	0	0
135	1691971200000	24.223294007901522	9839554742.689486	278182091.4448637	1691971200.0	2023-08-14 00:00:00	2023	8	14	0	0	0
136	1692057600000	25.14772487652887	10211324982.836502	388025853.4511116	1692057600.0	2023-08-15 00:00:00	2023	8	15	0	0	0
137	1692144000000	23.875641318375827	9697572470.820595	452521516.469082	1692144000.0	2023-08-16 00:00:00	2023	8	16	0	0	0
138	1692230400000	22.846367700285874	9300306072.046394	495294920.8187228	1692230400.0	2023-08-17 00:00:00	2023	8	17	0	0	0
139	1692316800000	21.646961802699884	8833375790.376423	656412528.1823697	1692316800.0	2023-08-18 00:00:00	2023	8	18	0	0	0
140	1692403200000	21.330196240480664	8681695608.57574	412220153.69078887	1692403200.0	2023-08-19 00:00:00	2023	8	19	0	0	0
141	1692489600000	21.878330239316607	8915137095.359207	254181454.34625465	1692489600.0	2023-08-20 00:00:00	2023	8	20	0	0	0
142	1692576000000	21.747537100837746	8865949897.077328	199999876.15221682	1692576000.0	2023-08-21 00:00:00	2023	8	21	0	0	0
143	1692662400000	21.20210914644501	8654520275.407608	350405754.29350466	1692662400.0	2023-08-22 00:00:00	2023	8	22	0	0	0
144	1692748800000	20.55389205635584	8370856986.385249	424951194.90933454	1692748800.0	2023-08-23 00:00:00	2023	8	23	0	0	0
145	1692835200000	21.672558527450196	8838275066.484407	427963737.73245025	1692835200.0	2023-08-24 00:00:00	2023	8	24	0	0	0
146	1692921600000	21.02615201908747	8571674305.076569	333451385.7319252	1692921600.0	2023-08-25 00:00:00	2023	8	25	0	0	0
147	1693008000000	20.392834533596297	8310249527.262404	282555497.36793965	1693008000.0	2023-08-26 00:00:00	2023	8	26	0	0	0
148	1693094400000	20.27381527104058	8261560411.31751	152284092.6245007	1693094400.0	2023-08-27 00:00:00	2023	8	27	0	0	0
149	1693180800000	20.781187138711672	8479951511.884242	188402423.45091224	1693180800.0	2023-08-28 00:00:00	2023	8	28	0	0	0
150	1693267200000	20.562540137575354	8388087449.848007	220500272.41120887	1693267200.0	2023-08-29 00:00:00	2023	8	29	0	0	0
151	1693353600000	21.756889820182593	8863938813.844702	532103194.01834327	1693353600.0	2023-08-30 00:00:00	2023	8	30	0	0	0
152	1693440000000	20.840938892992455	8515043630.644387	325877638.4482804	1693440000.0	2023-08-31 00:00:00	2023	8	31	0	0	0
153	1693526400000	19.73118602186944	8053897659.792566	400346096.9059848	1693526400.0	2023-09-01 00:00:00	2023	9	1	0	0	0
154	1693612800000	19.339387541129707	7901833889.253324	315356701.07955533	1693612800.0	2023-09-02 00:00:00	2023	9	2	0	0	0
155	1693699200000	19.46854293968664	7955183284.391823	211960136.35665137	1693699200.0	2023-09-03 00:00:00	2023	9	3	0	0	0
156	1693785600000	19.57639006334943	8013423697.4014635	180893228.87571305	1693785600.0	2023-09-04 00:00:00	2023	9	4	0	0	0
157	1693872000000	19.491905828235154	7962785355.880494	252214726.68620986	1693872000.0	2023-09-05 00:00:00	2023	9	5	0	0	0
158	1693958400000	20.270462383722805	8282664538.733198	411485050.0616829	1693958400.0	2023-09-06 00:00:00	2023	9	6	0	0	0
159	1694044800000	19.625034431663497	8025176936.509907	337212061.34614104	1694044800.0	2023-09-07 00:00:00	2023	9	7	0	0	0
160	1694131200000	19.887886504760793	8138224259.182586	268560276.5563723	1694131200.0	2023-09-08 00:00:00	2023	9	8	0	0	0
161	1694217600000	19.59598499714458	8024651915.709034	241627736.94050872	1694217600.0	2023-09-09 00:00:00	2023	9	9	0	0	0
162	1694304000000	19.440479779530477	7988672928.157753	113878317.5432121	1694304000.0	2023-09-10 00:00:00	2023	9	10	0	0	0
163	1694390400000	18.241559982955604	7496074227.315406	555163596.9224107	1694390400.0	2023-09-11 00:00:00	2023	9	11	0	0	0
164	1694476800000	17.705129864271623	7268358215.03846	400434707.3776181	1694476800.0	2023-09-12 00:00:00	2023	9	12	0	0	0
165	1694563200000	17.94444618355289	7368626584.271517	389593246.32070786	1694563200.0	2023-09-13 00:00:00	2023	9	13	0	0	0
166	1694649600000	18.403573351427394	7551673475.282736	390062108.0243038	1694649600.0	2023-09-14 00:00:00	2023	9	14	0	0	0
167	1694736000000	18.829900592345915	7743475445.815018	369004294.7870687	1694736000.0	2023-09-15 00:00:00	2023	9	15	0	0	0
168	1694822400000	19.17312182700796	7883263120.700344	220573537.50007787	1694822400.0	2023-09-16 00:00:00	2023	9	16	0	0	0
169	1694908800000	19.126902793634855	7864717942.885944	148168222.59819412	1694908800.0	2023-09-17 00:00:00	2023	9	17	0	0	0
170	1694995200000	18.803112818374224	7720289269.964434	124252102.72247562	1694995200.0	2023-09-18 00:00:00	2023	9	18	0	0	0
171	1695081600000	19.64014703071697	8081231238.22347	352014217.12332475	1695081600.0	2023-09-19 00:00:00	2023	9	19	0	0	0
172	1695168000000	20.04209873431388	8242770208.209753	290189000.34149134	1695168000.0	2023-09-20 00:00:00	2023	9	20	0	0	0
173	1695254400000	20.287247895504184	8357683264.676293	262866309.89747557	1695254400.0	2023-09-21 00:00:00	2023	9	21	0	0	0
174	1695340800000	19.470117691401224	8032276838.132356	292386180.04326856	1695340800.0	2023-09-22 00:00:00	2023	9	22	0	0	0
175	1695427200000	19.437726515592722	8027260379.11194	202514150.67340213	1695427200.0	2023-09-23 00:00:00	2023	9	23	0	0	0
176	1695513600000	19.47116415036064	8029339259.552218	118397178.4958432	1695513600.0	2023-09-24 00:00:00	2023	9	24	0	0	0
177	1695600000000	19.351752066049695	7984839330.184492	127718771.41655114	1695600000.0	2023-09-25 00:00:00	2023	9	25	0	0	0
178	1695686400000	19.394881050820743	8001387575.2221575	185810718.58044255	1695686400.0	2023-09-26 00:00:00	2023	9	26	0	0	0
179	1695772800000	19.01708701773738	7853875935.402948	206867879.9211672	1695772800.0	2023-09-27 00:00:00	2023	9	27	0	0	0
180	1695859200000	19.12786529422154	7889113032.339973	240306166.06628406	1695859200.0	2023-09-28 00:00:00	2023	9	28	0	0	0
181	1695945600000	19.94620329719107	8237778276.828282	292672977.9767457	1695945600.0	2023-09-29 00:00:00	2023	9	29	0	0	0
182	1696032000000	20.294161364007895	8380719360.271232	261043004.35269776	1696032000.0	2023-09-30 00:00:00	2023	9	30	0	0	0
183	1696118400000	21.387052432956956	8834603606.720219	378177852.7042039	1696118400.0	2023-10-01 00:00:00	2023	10	1	0	0	0
184	1696204800000	23.88149631052896	9910925871.881264	718136084.2409812	1696204800.0	2023-10-02 00:00:00	2023	10	2	0	0	0
185	1696291200000	23.40994675528492	9664238003.259367	761548241.0737458	1696291200.0	2023-10-03 00:00:00	2023	10	3	0	0	0
186	1696377600000	23.546636568867523	9737914093.265001	741310161.2129006	1696377600.0	2023-10-04 00:00:00	2023	10	4	0	0	0
187	1696464000000	23.14279023721254	9569979650.531218	493664590.5015571	1696464000.0	2023-10-05 00:00:00	2023	10	5	0	0	0
188	1696550400000	22.719916973389385	9392479523.673967	397587747.142302	1696550400.0	2023-10-06 00:00:00	2023	10	6	0	0	0
189	1696636800000	23.43163795467068	9685255629.751097	496792045.69639635	1696636800.0	2023-10-07 00:00:00	2023	10	7	0	0	0
190	1696723200000	23.293820293560618	9647364228.421127	318412075.87768364	1696723200.0	2023-10-08 00:00:00	2023	10	8	0	0	0
191	1696809600000	23.24916669447795	9627275562.372828	235111764.89452532	1696809600.0	2023-10-09 00:00:00	2023	10	9	0	0	0
192	1696896000000	22.11144636191878	9168609907.058208	400926255.71746325	1696896000.0	2023-10-10 00:00:00	2023	10	10	0	0	0
193	1696982400000	22.10708097425926	9168430059.589134	273654373.8543851	1696982400.0	2023-10-11 00:00:00	2023	10	11	0	0	0
194	1697068800000	21.96097231022005	9129830090.478773	316248781.1667089	1697068800.0	2023-10-12 00:00:00	2023	10	12	0	0	0
195	1697155200000	21.26544011226295	8859183055.63427	314816782.1866703	1697155200.0	2023-10-13 00:00:00	2023	10	13	0	0	0
196	1697241600000	21.826473760164795	9083240237.427359	310146737.3899081	1697241600.0	2023-10-14 00:00:00	2023	10	14	0	0	0
197	1697328000000	22.00456614346382	9161744653.181892	202215869.99082258	1697328000.0	2023-10-15 00:00:00	2023	10	15	0	0	0
198	1697414400000	21.916231700248684	9125622303.79429	204660747.35315484	1697414400.0	2023-10-16 00:00:00	2023	10	16	0	0	0
199	1697500800000	23.981381940492962	10055584865.075695	806897436.5548655	1697500800.0	2023-10-17 00:00:00	2023	10	17	0	0	0
200	1697587200000	23.971056117737877	9983521264.639666	581667581.4015583	1697587200.0	2023-10-18 00:00:00	2023	10	18	0	0	0
201	1697673600000	23.434057784969053	9758507265.818256	429121366.3134514	1697673600.0	2023-10-19 00:00:00	2023	10	19	0	0	0
202	1697760000000	24.942676655920565	10349453104.808008	770082609.2504172	1697760000.0	2023-10-20 00:00:00	2023	10	20	0	0	0
203	1697846400000	27.034557905425466	11290615048.676315	1036997952.8813083	1697846400.0	2023-10-21 00:00:00	2023	10	21	0	0	0
204	1697932800000	29.355573342373983	12239407592.026327	1290662076.6585624	1697932800.0	2023-10-22 00:00:00	2023	10	22	0	0	0
205	1698019200000	29.02138704288216	12075671557.596724	768780749.3080908	1698019200.0	2023-10-23 00:00:00	2023	10	23	0	0	0
206	1698105600000	31.736583271682292	13367364108.913492	1754698377.2423136	1698105600.0	2023-10-24 00:00:00	2023	10	24	0	0	0
207	1698192000000	30.133994925651603	12604514716.68563	1555849834.6326745	1698192000.0	2023-10-25 00:00:00	2023	10	25	0	0	0
208	1698278400000	32.405323087903845	13543276725.776272	1583606743.0827258	1698278400.0	2023-10-26 00:00:00	2023	10	26	0	0	0
209	1698364800000	32.71431713179988	13696100439.031744	1151811976.6829984	1698364800.0	2023-10-27 00:00:00	2023	10	27	0	0	0
210	1698451200000	31.765434430978374	13322929646.105707	991685345.9089792	1698451200.0	2023-10-28 00:00:00	2023	10	28	0	0	0
211	1698537600000	31.646807666480882	13270979228.927153	452735014.9432719	1698537600.0	2023-10-29 00:00:00	2023	10	29	0	0	0
212	1698624000000	32.81601052032671	13747282667.78367	597456716.0652834	1698624000.0	2023-10-30 00:00:00	2023	10	30	0	0	0
213	1698710400000	34.95699301421437	14656591733.223766	1159874552.389189	1698710400.0	2023-10-31 00:00:00	2023	10	31	0	0	0
214	1698796800000	38.48164730744764	16146331428.99949	1785301823.9198341	1698796800.0	2023-11-01 00:00:00	2023	11	1	0	0	0
215	1698883200000	41.41420827516142	17362282922.666862	3959223018.903169	1698883200.0	2023-11-02 00:00:00	2023	11	2	0	0	0
216	1698969600000	40.146033594069166	16915834782.767227	2642794307.6513314	1698969600.0	2023-11-03 00:00:00	2023	11	3	0	0	0
217	1699056000000	39.51759751315692	16590657428.301384	1711810105.7696593	1699056000.0	2023-11-04 00:00:00	2023	11	4	0	0	0
218	1699142400000	42.247239673022534	17774131285.113876	1481652151.3695111	1699142400.0	2023-11-05 00:00:00	2023	11	5	0	0	0
219	1699228800000	41.24303597170582	17327989797.5177	875312405.7095351	1699228800.0	2023-11-06 00:00:00	2023	11	6	0	0	0
220	1699315200000	42.093540748889566	17633401515.616535	1060320191.9564207	1699315200.0	2023-11-07 00:00:00	2023	11	7	0	0	0
221	1699401600000	43.10992040160473	18118371837.24985	1827584301.67423	1699401600.0	2023-11-08 00:00:00	2023	11	8	0	0	0
222	1699488000000	43.24925747868605	18224254869.067654	1063279033.4184498	1699488000.0	2023-11-09 00:00:00	2023	11	9	0	0	0
223	1699574400000	45.358054333499396	19039251761.549587	2968223146.230271	1699574400.0	2023-11-10 00:00:00	2023	11	10	0	0	0
224	1699660800000	56.672751743013606	23890974567.182682	3690042341.760421	1699660800.0	2023-11-11 00:00:00	2023	11	11	0	0	0
225	1699747200000	56.46969150990378	23802514066.26354	4048826273.4731865	1699747200.0	2023-11-12 00:00:00	2023	11	12	0	0	0
226	1699833600000	55.96301542172404	23626834466.27276	2834634629.093761	1699833600.0	2023-11-13 00:00:00	2023	11	13	0	0	0
227	1699920000000	52.21016126845803	22071829319.859287	2938768160.6217985	1699920000.0	2023-11-14 00:00:00	2023	11	14	0	0	0
228	1700006400000	56.84724399563444	24025150540.45894	3136578714.75117	1700006400.0	2023-11-15 00:00:00	2023	11	15	0	0	0
229	1700092800000	65.42118249740835	27523565135.285206	3841779027.466748	1700092800.0	2023-11-16 00:00:00	2023	11	16	0	0	0
230	1700179200000	57.85936549623421	24454321066.849117	3893498754.7018604	1700179200.0	2023-11-17 00:00:00	2023	11	17	0	0	0
231	1700265600000	58.08749906248073	24667662889.707996	3253569217.711946	1700265600.0	2023-11-18 00:00:00	2023	11	18	0	0	0
232	1700352000000	58.43785104837524	24711969043.560658	2007825165.7945588	1700352000.0	2023-11-19 00:00:00	2023	11	19	0	0	0
233	1700438400000	61.4682208972665	26038968868.90716	2011969090.8935194	1700438400.0	2023-11-20 00:00:00	2023	11	20	0	0	0
234	1700524800000	56.387561224796215	23837278052.150414	2046131779.7969346	1700524800.0	2023-11-21 00:00:00	2023	11	21	0	0	0
235	1700611200000	52.03847144243665	22095435188.78951	2457528360.2158194	1700611200.0	2023-11-22 00:00:00	2023	11	22	0	0	0
236	1700697600000	57.63985489059395	24392491443.20616	2055159909.0505433	1700697600.0	2023-11-23 00:00:00	2023	11	23	0	0	0
237	1700784000000	56.6256819382833	23970546237.515842	1373270432.8621953	1700784000.0	2023-11-24 00:00:00	2023	11	24	0	0	0
238	1700870400000	56.87305815164875	24061449315.617107	1165085857.1832347	1700870400.0	2023-11-25 00:00:00	2023	11	25	0	0	0
239	1700956800000	58.81319665255164	24902981174.693375	1170624892.294504	1700956800.0	2023-11-26 00:00:00	2023	11	26	0	0	0
240	1701043200000	57.65563041451083	24415212865.335167	905466988.4548694	1701043200.0	2023-11-27 00:00:00	2023	11	27	0	0	0
241	1701129600000	55.12228632634998	23317839078.34003	1272604084.6066368	1701129600.0	2023-11-28 00:00:00	2023	11	28	0	0	0
242	1701216000000	58.21650838026634	24600212078.53859	1455818631.3582225	1701216000.0	2023-11-29 00:00:00	2023	11	29	0	0	0
243	1701302400000	59.132384073791634	25088888782.540813	2011099344.8000524	1701302400.0	2023-11-30 00:00:00	2023	11	30	0	0	0
244	1701388800000	59.17998717985522	25108803752.086666	1302914768.2270465	1701388800.0	2023-12-01 00:00:00	2023	12	1	0	0	0
245	1701475200000	59.82358486245393	25352598328.428997	1458566131.3202488	1701475200.0	2023-12-02 00:00:00	2023	12	2	0	0	0
246	1701561600000	63.54188841925499	26881444684.92962	1384599876.700091	1701561600.0	2023-12-03 00:00:00	2023	12	3	0	0	0
247	1701648000000	63.0169956421846	26766190167.25173	1376347106.6756947	1701648000.0	2023-12-04 00:00:00	2023	12	4	0	0	0
248	1701734400000	61.55125929559973	26112261419.98071	2239941715.4175754	1701734400.0	2023-12-05 00:00:00	2023	12	5	0	0	0
249	1701820800000	60.9025608945616	25906943014.62848	1689507437.5682876	1701820800.0	2023-12-06 00:00:00	2023	12	6	0	0	0
250	1701907200000	62.23204453296526	26519800255.084682	3018024425.378191	1701907200.0	2023-12-07 00:00:00	2023	12	7	0	0	0
251	1701993600000	67.69386460535054	28837571556.753944	3087225477.7567286	1701993600.0	2023-12-08 00:00:00	2023	12	8	0	0	0
252	1702080000000	74.84216401576747	31939635291.86702	3651681520.082631	1702080000.0	2023-12-09 00:00:00	2023	12	9	0	0	0
253	1702166400000	72.42222406518073	30868914479.546883	2990090048.521119	1702166400.0	2023-12-10 00:00:00	2023	12	10	0	0	0
254	1702252800000	74.42357981310117	31639909291.568317	1933934506.779548	1702252800.0	2023-12-11 00:00:00	2023	12	11	0	0	0
255	1702339200000	70.20241559474354	29912836736.92384	3839992454.6821027	1702339200.0	2023-12-12 00:00:00	2023	12	12	0	0	0
256	1702425600000	68.52923871075102	29261837474.95887	2426662308.191913	1702425600.0	2023-12-13 00:00:00	2023	12	13	0	0	0
257	1702512000000	70.73839652886984	30236312485.346966	2532486875.049152	1702512000.0	2023-12-14 00:00:00	2023	12	14	0	0	0
258	1702598400000	75.65588800857071	32382885128.146465	2496513420.5195365	1702598400.0	2023-12-15 00:00:00	2023	12	15	0	0	0
259	1702684800000	72.61814382762158	31160870071.512493	2696772682.744241	1702684800.0	2023-12-16 00:00:00	2023	12	16	0	0	0
260	1702771200000	73.3895965701486	31406371759.65062	1841818464.1871302	1702771200.0	2023-12-17 00:00:00	2023	12	17	0	0	0
261	1702857600000	71.09304612532529	30373366926.657185	1557234022.8754864	1702857600.0	2023-12-18 00:00:00	2023	12	18	0	0	0
262	1702944000000	74.34092711768113	31797760802.78102	2363667921.6380463	1702944000.0	2023-12-19 00:00:00	2023	12	19	0	0	0
263	1703030400000	72.61144991141754	31049007031.4802	1948577967.428861	1703030400.0	2023-12-20 00:00:00	2023	12	20	0	0	0
264	1703116800000	82.09852590231738	35036559621.049866	3820149653.3988895	1703116800.0	2023-12-21 00:00:00	2023	12	21	0	0	0
265	1703203200000	93.93807648899407	40139662988.83128	4904778953.563533	1703203200.0	2023-12-22 00:00:00	2023	12	22	0	0	0
266	1703289600000	98.07800224122698	41936984906.30874	5239342313.793104	1703289600.0	2023-12-23 00:00:00	2023	12	23	0	0	0
267	1703376000000	107.63981717421447	46067150224.366264	3932338834.676097	1703376000.0	2023-12-24 00:00:00	2023	12	24	0	0	0
268	1703462400000	112.44835843501905	48130186348.93925	6224138352.726561	1703462400.0	2023-12-25 00:00:00	2023	12	25	0	0	0
269	1703548800000	121.44659325631167	51905964256.03442	5738514622.255752	1703548800.0	2023-12-26 00:00:00	2023	12	26	0	0	0
270	1703635200000	112.32551605046484	47816051843.275856	4346114224.039255	1703635200.0	2023-12-27 00:00:00	2023	12	27	0	0	0
271	1703721600000	106.97705414292456	45769688224.76657	4238903992.194386	1703721600.0	2023-12-28 00:00:00	2023	12	28	0	0	0
272	1703808000000	102.25382476175545	43945886274.36204	4586529583.395684	1703808000.0	2023-12-29 00:00:00	2023	12	29	0	0	0
273	1703894400000	106.25256071597002	45547782244.27374	4343029162.300508	1703894400.0	2023-12-30 00:00:00	2023	12	30	0	0	0
274	1703980800000	101.98883539812843	43785435164.6565	1833433846.9272847	1703980800.0	2023-12-31 00:00:00	2023	12	31	0	0	0
275	1704067200000	101.33317837845607	43557642382.91047	1774875786.514594	1704067200.0	2024-01-01 00:00:00	2024	1	1	0	0	0
276	1704153600000	109.44408162860023	47006338489.28494	2214023277.943569	1704153600.0	2024-01-02 00:00:00	2024	1	2	0	0	0
277	1704240000000	106.66317351273963	45770111069.17999	3809986338.1849504	1704240000.0	2024-01-03 00:00:00	2024	1	3	0	0	0
278	1704326400000	98.618625629318	42416625922.3214	5263410468.581045	1704326400.0	2024-01-04 00:00:00	2024	1	4	0	0	0
279	1704412800000	104.8407815170403	45108341841.75201	3262980619.206502	1704412800.0	2024-01-05 00:00:00	2024	1	5	0	0	0
280	1704499200000	99.79527781452578	43005412146.86797	2955669961.82839	1704499200.0	2024-01-06 00:00:00	2024	1	6	0	0	0
281	1704585600000	93.67595830573333	40341046148.6674	2220640084.5668583	1704585600.0	2024-01-07 00:00:00	2024	1	7	0	0	0
282	1704672000000	88.92454619256625	38353496896.01169	2189403802.3900533	1704672000.0	2024-01-08 00:00:00	2024	1	8	0	0	0
283	1704758400000	97.65874169169724	42169330331.765785	3950758921.474186	1704758400.0	2024-01-09 00:00:00	2024	1	9	0	0	0
284	1704844800000	98.7515137293353	42627288796.39558	3871179261.052206	1704844800.0	2024-01-10 00:00:00	2024	1	10	0	0	0
285	1704931200000	102.41348181114401	44241372072.84427	3865165740.024791	1704931200.0	2024-01-11 00:00:00	2024	1	11	0	0	0
286	1705017600000	99.98590880200555	43224396745.535324	4022331019.561001	1705017600.0	2024-01-12 00:00:00	2024	1	12	0	0	0
287	1705104000000	91.49974928746796	39503238769.71002	2734892250.2668905	1705104000.0	2024-01-13 00:00:00	2024	1	13	0	0	0
288	1705190400000	95.63334726603965	41338579660.93868	1873558891.8758016	1705190400.0	2024-01-14 00:00:00	2024	1	14	0	0	0
289	1705276800000	94.11863591050141	40910904033.30603	2580600236.4078503	1705276800.0	2024-01-15 00:00:00	2024	1	15	0	0	0
290	1705363200000	94.39674016420685	40853886226.541885	1779198447.0488913	1705363200.0	2024-01-16 00:00:00	2024	1	16	0	0	0
291	1705449600000	97.55676426862223	42218185004.543945	1816203365.4935129	1705449600.0	2024-01-17 00:00:00	2024	1	17	0	0	0
292	1705536000000	101.50125957317499	43918459381.6917	3218955061.4833794	1705536000.0	2024-01-18 00:00:00	2024	1	18	0	0	0
293	1705622400000	94.28013186654485	40824171089.702095	2756021291.3233085	1705622400.0	2024-01-19 00:00:00	2024	1	19	0	0	0
294	1705708800000	93.32520105608964	40338377669.27168	2760699292.4330835	1705708800.0	2024-01-20 00:00:00	2024	1	20	0	0	0
295	1705795200000	92.58976400255906	40089978741.00717	1256377866.267364	1705795200.0	2024-01-21 00:00:00	2024	1	21	0	0	0
296	1705881600000	91.1623559089012	39512481021.428154	908792093.0500989	1705881600.0	2024-01-22 00:00:00	2024	1	22	0	0	0
297	1705968000000	83.43623260957541	36111047577.45998	2814098815.451897	1705968000.0	2024-01-23 00:00:00	2024	1	23	0	0	0
298	1706054400000	84.09771204633358	36311461849.31265	2987147103.1980157	1706054400.0	2024-01-24 00:00:00	2024	1	24	0	0	0
299	1706140800000	88.97403797468365	38534021790.14314	2385029340.1463356	1706140800.0	2024-01-25 00:00:00	2024	1	25	0	0	0
300	1706227200000	86.98335038241241	37657090256.50069	1905313727.436813	1706227200.0	2024-01-26 00:00:00	2024	1	26	0	0	0
301	1706313600000	92.36475145633213	39963699730.98301	2146548098.7348835	1706313600.0	2024-01-27 00:00:00	2024	1	27	0	0	0
302	1706400000000	94.07418620571138	40773572380.15453	1252486460.2425928	1706400000.0	2024-01-28 00:00:00	2024	1	28	0	0	0
303	1706486400000	95.96656618849008	41598860413.28886	2522516027.452199	1706486400.0	2024-01-29 00:00:00	2024	1	29	0	0	0
304	1706572800000	101.41999625662424	44237194959.54558	2632528657.08934	1706572800.0	2024-01-30 00:00:00	2024	1	30	0	0	0
305	1706659200000	101.49112290376424	44149841778.04821	3637727026.6659613	1706659200.0	2024-01-31 00:00:00	2024	1	31	0	0	0
306	1706745600000	96.93179951000184	42259374417.28451	3873450832.2090034	1706745600.0	2024-02-01 00:00:00	2024	2	1	0	0	0
307	1706832000000	97.79003124090778	42590324375.05028	3016997024.0845313	1706832000.0	2024-02-02 00:00:00	2024	2	2	0	0	0
308	1706918400000	100.46548063117393	43811141503.445335	2624103346.4808416	1706918400.0	2024-02-03 00:00:00	2024	2	3	0	0	0
309	1707004800000	97.76713809513306	42611107982.48974	1416764974.2861667	1707004800.0	2024-02-04 00:00:00	2024	2	4	0	0	0
310	1707091200000	95.47210966234701	41602993219.1009	1353636742.875246	1707091200.0	2024-02-05 00:00:00	2024	2	5	0	0	0
311	1707177600000	95.66801933804179	41727362697.026825	1933675388.1619544	1707177600.0	2024-02-06 00:00:00	2024	2	6	0	0	0
312	1707264000000	96.91999534970711	42268993503.10137	1900368062.9579785	1707264000.0	2024-02-07 00:00:00	2024	2	7	0	0	0
313	1707350400000	100.8620197849941	44086978409.43825	1921482749.676069	1707350400.0	2024-02-08 00:00:00	2024	2	8	0	0	0
314	1707436800000	102.90366855652807	44986092796.23713	2458956241.2991543	1707436800.0	2024-02-09 00:00:00	2024	2	9	0	0	0
315	1707523200000	107.0340359221691	46821270307.69528	3256188126.6095295	1707523200.0	2024-02-10 00:00:00	2024	2	10	0	0	0
316	1707609600000	108.9914614336289	47626799918.99898	1814393079.83351	1707609600.0	2024-02-11 00:00:00	2024	2	11	0	0	0
317	1707696000000	107.42381253614128	46970508598.610954	1459554075.7090495	1707696000.0	2024-02-12 00:00:00	2024	2	12	0	0	0
318	1707782400000	112.03681818642013	48881521826.95636	2920187526.7224092	1707782400.0	2024-02-13 00:00:00	2024	2	13	0	0	0
319	1707868800000	112.5991116485891	49200636584.9414	2874714544.053641	1707868800.0	2024-02-14 00:00:00	2024	2	14	0	0	0
320	1707955200000	116.97610655690055	51223725720.39541	2490685229.576592	1707955200.0	2024-02-15 00:00:00	2024	2	15	0	0	0
321	1708041600000	113.5993942511846	50054269103.93001	2539535902.841629	1708041600.0	2024-02-16 00:00:00	2024	2	16	0	0	0
322	1708128000000	110.50155056850862	48713273174.4888	1882206888.8364744	1708128000.0	2024-02-17 00:00:00	2024	2	17	0	0	0
323	1708214400000	108.92851023151393	48116477499.560936	1366271024.686035	1708214400.0	2024-02-18 00:00:00	2024	2	18	0	0	0
324	1708300800000	112.21541634982898	49474158579.09777	1551221254.069266	1708300800.0	2024-02-19 00:00:00	2024	2	19	0	0	0
325	1708387200000	111.27808859030418	49013622667.08547	1984160421.2266989	1708387200.0	2024-02-20 00:00:00	2024	2	20	0	0	0
326	1708473600000	108.56412084328196	47893142417.96313	2872884276.405752	1708473600.0	2024-02-21 00:00:00	2024	2	21	0	0	0
327	1708560000000	105.34263381767492	46454513229.83535	2737171219.287656	1708560000.0	2024-02-22 00:00:00	2024	2	22	0	0	0
328	1708646400000	102.0417796526056	44975179369.543365	2309956159.574661	1708646400.0	2024-02-23 00:00:00	2024	2	23	0	0	0
329	1708732800000	100.09194937035414	44207212470.28615	2027797244.334062	1708732800.0	2024-02-24 00:00:00	2024	2	24	0	0	0
330	1708819200000	104.18872590266118	45956101626.76592	1441375083.186619	1708819200.0	2024-02-25 00:00:00	2024	2	25	0	0	0
331	1708905600000	103.4386239643384	45607368722.22022	1203834614.7037158	1708905600.0	2024-02-26 00:00:00	2024	2	26	0	0	0
332	1708992000000	109.84509740259054	48479693900.729256	2465100722.619365	1708992000.0	2024-02-27 00:00:00	2024	2	27	0	0	0
333	1709078400000	108.17696263039223	47818062228.12062	3541852280.448018	1709078400.0	2024-02-28 00:00:00	2024	2	28	0	0	0
334	1709164800000	117.43028413751361	51987858810.85375	5694262625.223801	1709164800.0	2024-02-29 00:00:00	2024	2	29	0	0	0
335	1709251200000	125.6818167628113	55782452212.297585	8070920258.119165	1709251200.0	2024-03-01 00:00:00	2024	3	1	0	0	0
336	1709337600000	130.0470586239426	57670794534.933525	5400962583.213069	1709337600.0	2024-03-02 00:00:00	2024	3	2	0	0	0
337	1709424000000	129.8816532496919	57526283521.35976	3090626520.312499	1709424000.0	2024-03-03 00:00:00	2024	3	3	0	0	0
338	1709510400000	130.30611971907615	57634661052.93364	3362221535.2339334	1709510400.0	2024-03-04 00:00:00	2024	3	4	0	0	0
339	1709596800000	133.32371555063142	58905211978.42328	4456997733.50504	1709596800.0	2024-03-05 00:00:00	2024	3	5	0	0	0
340	1709683200000	126.39112339694104	55994211147.81779	9474088055.624058	1709683200.0	2024-03-06 00:00:00	2024	3	6	0	0	0
341	1709769600000	130.66706419099268	57750807855.93927	5149667738.287846	1709769600.0	2024-03-07 00:00:00	2024	3	7	0	0	0
342	1709856000000	144.10503256536765	63894153486.63505	7176946154.432181	1709856000.0	2024-03-08 00:00:00	2024	3	8	0	0	0
343	1709942400000	145.19146101509426	64314627608.68617	5495476291.480904	1709942400.0	2024-03-09 00:00:00	2024	3	9	0	0	0
344	1710028800000	144.81714849291387	64204155811.87283	2989788017.2095094	1710028800.0	2024-03-10 00:00:00	2024	3	10	0	0	0
345	1710115200000	144.25771555596154	63915400688.66565	3606621287.914232	1710115200.0	2024-03-11 00:00:00	2024	3	11	0	0	0
346	1710201600000	148.79327935268395	65982204368.10759	5948377808.486974	1710201600.0	2024-03-12 00:00:00	2024	3	12	0	0	0
347	1710288000000	150.72986927133826	66773366688.398384	7152600912.428022	1710288000.0	2024-03-13 00:00:00	2024	3	13	0	0	0
348	1710374400000	163.62579653208232	72573154800.36514	6106705185.804832	1710374400.0	2024-03-14 00:00:00	2024	3	14	0	0	0
349	1710460800000	176.2229997396476	77993881680.2228	9107864294.524399	1710460800.0	2024-03-15 00:00:00	2024	3	15	0	0	0
350	1710547200000	183.9242834890865	81845073461.4935	14052203542.304317	1710547200.0	2024-03-16 00:00:00	2024	3	16	0	0	0
351	1710633600000	180.80173842188316	80284415527.02771	12283471205.374184	1710633600.0	2024-03-17 00:00:00	2024	3	17	0	0	0
352	1710720000000	202.51891185720268	89815964680.74742	11964573089.442522	1710720000.0	2024-03-18 00:00:00	2024	3	18	0	0	0
353	1710806400000	196.34529342439117	87207130383.47609	12536486966.095617	1710806400.0	2024-03-19 00:00:00	2024	3	19	0	0	0
354	1710892800000	169.59755629640884	75621938582.8277	11941248034.676855	1710892800.0	2024-03-20 00:00:00	2024	3	20	0	0	0
355	1710979200000	191.44187811368815	85004052599.30891	9142062431.25945	1710979200.0	2024-03-21 00:00:00	2024	3	21	0	0	0
356	1711065600000	179.5544644084378	79806198240.29042	6102628997.712434	1711065600.0	2024-03-22 00:00:00	2024	3	22	0	0	0
357	1711152000000	173.45563634427955	76738474078.01993	4530693846.294226	1711152000.0	2024-03-23 00:00:00	2024	3	23	0	0	0
358	1711238400000	173.4537726410555	77052625363.61342	2950137170.126533	1711238400.0	2024-03-24 00:00:00	2024	3	24	0	0	0
359	1711324800000	184.02186416380982	81893130320.22795	2903673332.7955723	1711324800.0	2024-03-25 00:00:00	2024	3	25	0	0	0
360	1711411200000	188.99685465903278	83839327740.13148	4384505429.329716	1711411200.0	2024-03-26 00:00:00	2024	3	26	0	0	0
361	1711497600000	191.23614507446956	84838706571.2534	4010909565.8450103	1711497600.0	2024-03-27 00:00:00	2024	3	27	0	0	0
362	1711584000000	186.13894375748401	82360081157.45738	4361858281.408015	1711584000.0	2024-03-28 00:00:00	2024	3	28	0	0	0
363	1711670400000	189.5749906128262	84248853020.74065	3248950673.7290506	1711670400.0	2024-03-29 00:00:00	2024	3	29	0	0	0
364	1711759271000	191.47292305586242	85167139348.46092	3344561601.644898	1711759271.0	2024-03-30 00:41:11	2024	3	30	0	41	11
